{
  "formatVersion": 1,
  "database": {
    "version": 2,
    "identityHash": "8ae2316d1f038d65d6d0d43aa231a17d",
    "entities": [
      {
        "tableName": "notes",
        "createSql": "CREATE TABLE IF NOT EXISTS `${TABLE_NAME}` (`id` INTEGER PRIMARY KEY AUTOINCREMENT NOT NULL, `type` INTEGER NOT NULL, `title` TEXT NOT NULL, `content` TEXT NOT NULL, `metadata` TEXT NOT NULL, `added_date` INTEGER NOT NULL, `modified_date` INTEGER NOT NULL, `status` INTEGER NOT NULL)",
        "fields": [
          {
            "fieldPath": "id",
            "columnName": "id",
            "affinity": "INTEGER",
            "notNull": true
          },
          {
            "fieldPath": "type",
            "columnName": "type",
            "affinity": "INTEGER",
            "notNull": true
          },
          {
            "fieldPath": "title",
            "columnName": "title",
            "affinity": "TEXT",
            "notNull": true
          },
          {
            "fieldPath": "content",
            "columnName": "content",
            "affinity": "TEXT",
            "notNull": true
          },
          {
            "fieldPath": "metadata",
            "columnName": "metadata",
            "affinity": "TEXT",
            "notNull": true
          },
          {
            "fieldPath": "addedDate",
            "columnName": "added_date",
            "affinity": "INTEGER",
            "notNull": true
          },
          {
            "fieldPath": "lastModifiedDate",
            "columnName": "modified_date",
            "affinity": "INTEGER",
            "notNull": true
          },
          {
            "fieldPath": "status",
            "columnName": "status",
            "affinity": "INTEGER",
            "notNull": true
          }
        ],
        "primaryKey": {
          "columnNames": [
            "id"
          ],
          "autoGenerate": true
        },
        "indices": [],
        "foreignKeys": []
      },
      {
        "ftsVersion": "FTS4",
        "ftsOptions": {
          "tokenizer": "unicode61",
          "tokenizerArgs": [],
          "contentTable": "notes",
          "languageIdColumnName": "",
          "matchInfo": "FTS4",
          "notIndexedColumns": [],
          "prefixSizes": [],
          "preferredOrder": "ASC"
        },
        "contentSyncTriggers": [
          "CREATE TRIGGER IF NOT EXISTS room_fts_content_sync_notes_fts_BEFORE_UPDATE BEFORE UPDATE ON `notes` BEGIN DELETE FROM `notes_fts` WHERE `docid`=OLD.`rowid`; END",
          "CREATE TRIGGER IF NOT EXISTS room_fts_content_sync_notes_fts_BEFORE_DELETE BEFORE DELETE ON `notes` BEGIN DELETE FROM `notes_fts` WHERE `docid`=OLD.`rowid`; END",
          "CREATE TRIGGER IF NOT EXISTS room_fts_content_sync_notes_fts_AFTER_UPDATE AFTER UPDATE ON `notes` BEGIN INSERT INTO `notes_fts`(`docid`, `title`, `content`) VALUES (NEW.`rowid`, NEW.`title`, NEW.`content`); END",
          "CREATE TRIGGER IF NOT EXISTS room_fts_content_sync_notes_fts_AFTER_INSERT AFTER INSERT ON `notes` BEGIN INSERT INTO `notes_fts`(`docid`, `title`, `content`) VALUES (NEW.`rowid`, NEW.`title`, NEW.`content`); END"
        ],
        "tableName": "notes_fts",
        "createSql": "CREATE VIRTUAL TABLE IF NOT EXISTS `${TABLE_NAME}` USING FTS4(`title` TEXT NOT NULL, `content` TEXT NOT NULL, tokenize=unicode61, content=`notes`)",
        "fields": [
          {
            "fieldPath": "title",
            "columnName": "title",
            "affinity": "TEXT",
            "notNull": true
          },
          {
            "fieldPath": "content",
            "columnName": "content",
            "affinity": "TEXT",
            "notNull": true
          }
        ],
        "primaryKey": {
          "columnNames": [],
          "autoGenerate": false
        },
        "indices": [],
        "foreignKeys": []
      }
    ],
    "views": [],
    "setupQueries": [
      "CREATE TABLE IF NOT EXISTS room_master_table (id INTEGER PRIMARY KEY,identity_hash TEXT)",
      "INSERT OR REPLACE INTO room_master_table (id,identity_hash) VALUES(42, '8ae2316d1f038d65d6d0d43aa231a17d')"
    ]
  }
}