{
  "formatVersion": 1,
  "database": {
    "version": 3,
    "identityHash": "8d825e69010272358d9f9e8097242bb2",
    "entities": [
      {
        "tableName": "notes",
        "createSql": "CREATE TABLE IF NOT EXISTS `${TABLE_NAME}` (`id` INTEGER PRIMARY KEY AUTOINCREMENT NOT NULL, `type` INTEGER NOT NULL, `title` TEXT NOT NULL, `content` TEXT NOT NULL, `metadata` TEXT NOT NULL, `added_date` INTEGER NOT NULL, `modified_date` INTEGER NOT NULL, `status` INTEGER NOT NULL, `pinned` INTEGER NOT NULL, `reminder_start` INTEGER, `reminder_recurrence` TEXT, `reminder_next` INTEGER, `reminder_count` INTEGER, `reminder_done` INTEGER)",
        "fields": [
          {
            "fieldPath": "id",
            "columnName": "id",
            "affinity": "INTEGER",
            "notNull": true
          },
          {
            "fieldPath": "type",
            "columnName": "type",
            "affinity": "INTEGER",
            "notNull": true
          },
          {
            "fieldPath": "title",
            "columnName": "title",
            "affinity": "TEXT",
            "notNull": true
          },
          {
            "fieldPath": "content",
            "columnName": "content",
            "affinity": "TEXT",
            "notNull": true
          },
          {
            "fieldPath": "metadata",
            "columnName": "metadata",
            "affinity": "TEXT",
            "notNull": true
          },
          {
            "fieldPath": "addedDate",
            "columnName": "added_date",
            "affinity": "INTEGER",
            "notNull": true
          },
          {
            "fieldPath": "lastModifiedDate",
            "columnName": "modified_date",
            "affinity": "INTEGER",
            "notNull": true
          },
          {
            "fieldPath": "status",
            "columnName": "status",
            "affinity": "INTEGER",
            "notNull": true
          },
          {
            "fieldPath": "pinned",
            "columnName": "pinned",
            "affinity": "INTEGER",
            "notNull": true
          },
          {
            "fieldPath": "reminder.start",
            "columnName": "reminder_start",
            "affinity": "INTEGER",
            "notNull": false
          },
          {
            "fieldPath": "reminder.recurrence",
            "columnName": "reminder_recurrence",
            "affinity": "TEXT",
            "notNull": false
          },
          {
            "fieldPath": "reminder.next",
            "columnName": "reminder_next",
            "affinity": "INTEGER",
            "notNull": false
          },
          {
            "fieldPath": "reminder.count",
            "columnName": "reminder_count",
            "affinity": "INTEGER",
            "notNull": false
          },
          {
            "fieldPath": "reminder.done",
            "columnName": "reminder_done",
            "affinity": "INTEGER",
            "notNull": false
          }
        ],
        "primaryKey": {
          "columnNames": [
            "id"
          ],
          "autoGenerate": true
        },
        "indices": [],
        "foreignKeys": []
      },
      {
        "ftsVersion": "FTS4",
        "ftsOptions": {
          "tokenizer": "unicode61",
          "tokenizerArgs": [],
          "contentTable": "notes",
          "languageIdColumnName": "",
          "matchInfo": "FTS4",
          "notIndexedColumns": [],
          "prefixSizes": [],
          "preferredOrder": "ASC"
        },
        "contentSyncTriggers": [
          "CREATE TRIGGER IF NOT EXISTS room_fts_content_sync_notes_fts_BEFORE_UPDATE BEFORE UPDATE ON `notes` BEGIN DELETE FROM `notes_fts` WHERE `docid`=OLD.`rowid`; END",
          "CREATE TRIGGER IF NOT EXISTS room_fts_content_sync_notes_fts_BEFORE_DELETE BEFORE DELETE ON `notes` BEGIN DELETE FROM `notes_fts` WHERE `docid`=OLD.`rowid`; END",
          "CREATE TRIGGER IF NOT EXISTS room_fts_content_sync_notes_fts_AFTER_UPDATE AFTER UPDATE ON `notes` BEGIN INSERT INTO `notes_fts`(`docid`, `title`, `content`) VALUES (NEW.`rowid`, NEW.`title`, NEW.`content`); END",
          "CREATE TRIGGER IF NOT EXISTS room_fts_content_sync_notes_fts_AFTER_INSERT AFTER INSERT ON `notes` BEGIN INSERT INTO `notes_fts`(`docid`, `title`, `content`) VALUES (NEW.`rowid`, NEW.`title`, NEW.`content`); END"
        ],
        "tableName": "notes_fts",
        "createSql": "CREATE VIRTUAL TABLE IF NOT EXISTS `${TABLE_NAME}` USING FTS4(`title` TEXT NOT NULL, `content` TEXT NOT NULL, tokenize=unicode61, content=`notes`)",
        "fields": [
          {
            "fieldPath": "title",
            "columnName": "title",
            "affinity": "TEXT",
            "notNull": true
          },
          {
            "fieldPath": "content",
            "columnName": "content",
            "affinity": "TEXT",
            "notNull": true
          }
        ],
        "primaryKey": {
          "columnNames": [],
          "autoGenerate": false
        },
        "indices": [],
        "foreignKeys": []
      },
      {
        "tableName": "labels",
        "createSql": "CREATE TABLE IF NOT EXISTS `${TABLE_NAME}` (`id` INTEGER PRIMARY KEY AUTOINCREMENT NOT NULL, `name` TEXT NOT NULL)",
        "fields": [
          {
            "fieldPath": "id",
            "columnName": "id",
            "affinity": "INTEGER",
            "notNull": true
          },
          {
            "fieldPath": "name",
            "columnName": "name",
            "affinity": "TEXT",
            "notNull": true
          }
        ],
        "primaryKey": {
          "columnNames": [
            "id"
          ],
          "autoGenerate": true
        },
        "indices": [
          {
            "name": "index_labels_name",
            "unique": false,
            "columnNames": [
              "name"
            ],
            "createSql": "CREATE INDEX IF NOT EXISTS `index_labels_name` ON `${TABLE_NAME}` (`name`)"
          }
        ],
        "foreignKeys": []
      },
      {
        "tableName": "label_refs",
        "createSql": "CREATE TABLE IF NOT EXISTS `${TABLE_NAME}` (`noteId` INTEGER NOT NULL, `labelId` INTEGER NOT NULL, PRIMARY KEY(`noteId`, `labelId`), FOREIGN KEY(`noteId`) REFERENCES `notes`(`id`) ON UPDATE NO ACTION ON DELETE CASCADE , FOREIGN KEY(`labelId`) REFERENCES `labels`(`id`) ON UPDATE NO ACTION ON DELETE CASCADE )",
        "fields": [
          {
            "fieldPath": "noteId",
            "columnName": "noteId",
            "affinity": "INTEGER",
            "notNull": true
          },
          {
            "fieldPath": "labelId",
            "columnName": "labelId",
            "affinity": "INTEGER",
            "notNull": true
          }
        ],
        "primaryKey": {
          "columnNames": [
            "noteId",
            "labelId"
          ],
          "autoGenerate": false
        },
        "indices": [
          {
            "name": "index_label_refs_noteId",
            "unique": false,
            "columnNames": [
              "noteId"
            ],
            "createSql": "CREATE INDEX IF NOT EXISTS `index_label_refs_noteId` ON `${TABLE_NAME}` (`noteId`)"
          },
          {
            "name": "index_label_refs_labelId",
            "unique": false,
            "columnNames": [
              "labelId"
            ],
            "createSql": "CREATE INDEX IF NOT EXISTS `index_label_refs_labelId` ON `${TABLE_NAME}` (`labelId`)"
          }
        ],
        "foreignKeys": [
          {
            "table": "notes",
            "onDelete": "CASCADE",
            "onUpdate": "NO ACTION",
            "columns": [
              "noteId"
            ],
            "referencedColumns": [
              "id"
            ]
          },
          {
            "table": "labels",
            "onDelete": "CASCADE",
            "onUpdate": "NO ACTION",
            "columns": [
              "labelId"
            ],
            "referencedColumns": [
              "id"
            ]
          }
        ]
      }
    ],
    "views": [],
    "setupQueries": [
      "CREATE TABLE IF NOT EXISTS room_master_table (id INTEGER PRIMARY KEY,identity_hash TEXT)",
      "INSERT OR REPLACE INTO room_master_table (id,identity_hash) VALUES(42, '8d825e69010272358d9f9e8097242bb2')"
    ]
  }
}